{
  "culture": "tr",
  "texts": {
    "Menu:TenantManagement": "Müşteri yönetimi",
    "Tenants": "Müşteriler",
    "NewTenant": "Yeni müşteri",
    "TenantName": "Müşteri adı",
    "DisplayName:TenantName": "Müşteri adı",
    "TenantDeletionConfirmationMessage": "'{0}' isimli müşteri silinecektir. Onaylıyor musunuz?",
    "ConnectionStrings": "Bağlantı cümlesi",
    "DisplayName:DefaultConnectionString": "Varsayılan bağlantı cümlesi",
    "DisplayName:UseSharedDatabase": "Paylaşılan veritabanını kullan",
    "ManageHostFeatures": "Host özelliklerini yönetin",
    "Permission:TenantManagement": "Müşteri yönetimi",
    "Permission:Create": "Oluşturma",
    "Permission:Edit": "Düzenleme",
    "Permission:Delete": "Silme",
    "Permission:ManageConnectionStrings": "Bağlantı cümlelerini yönet",
    "Permission:ManageFeatures": "Özellikleri yönet",
    "DisplayName:AdminEmailAddress": "Admin Eposta Adresi",
    "DisplayName:AdminPassword": "Admin Şifresi"
  }
}
