{
  "culture": "vi",
  "texts": {
    "Menu:TenantManagement": "Quản lý người thuê",
    "Tenants": "Người thuê",
    "NewTenant": "Người thuê mới",
    "TenantName": "Tên người thuê",
    "DisplayName:TenantName": "Tên người thuê",
    "TenantDeletionConfirmationMessage": "Người thuê '{0}' sẽ bị xóa. Bạn có xác nhận không?",
    "ConnectionStrings": "Chuỗi kết nối",
    "DisplayName:DefaultConnectionString": "Chuỗi kết nối mặc định",
    "DisplayName:UseSharedDatabase": "Sử dụng cơ sở dữ liệu dùng chung",
    "Permission:TenantManagement": "Quản lý khách thuê",
    "Permission:Create": "Tạo",
    "Permission:Edit": "Sửa",
    "Permission:Delete": "Xóa",
    "Permission:ManageConnectionStrings": "Quản lý chuỗi kết nối",
    "Permission:ManageFeatures": "Quản lý các tính năng"
  }
}
